<?xml version="1.0" encoding="UTF-8"?>
<!DOCTYPE mapper
    PUBLIC "-//mybatis.org//DTD Mapper 3.0//EN"
    "https://mybatis.org/dtd/mybatis-3-mapper.dtd">
<mapper namespace = "Board">
	<select id="getBoardList" parameterType="hashmap" resultType="BoardDTO">
	SELECT * FROM (SELECT rownum R, A.* FROM 
		(SELECT * FROM BOARD ORDER BY BOARDNUM DESC) A) B
			WHERE b.R BETWEEN #{startRow} AND #{endRow}
  	</select>

	<select id="getBoardCnt" resultType="_int">
		SELECT count(*) FROM BOARD
  	</select>

	<insert id="insertBoard" parameterType="BoardDTO">
  		INSERT INTO BOARD VALUES (board_seq.nextval, #{boardcate}, #{username}, #{userid}
  		, #{boardtitle}, #{boardcontents}, sysdate, NULL)
  	</insert>
  	
  	<select id="getSeq" resultType="_int">
		SELECT board_seq.currval FROM dual
  	</select>
  	
  	 <select id="getDetail" parameterType="_int" resultType="boardDTO">
		SELECT * FROM BOARD WHERE BOARDNUM = #{boardnum}
  	</select>
  	
  	<update id="UpdateBoard" parameterType="hashmap">
  		UPDATE BOARD SET boardcate = #{boardcate}, boardtitle = #{boardtitle}, boardcontents = #{boardcontents}
  		WHERE BOARDNUM = #{boardnum}
  	</update>
  	
  	<update id="UpdateReply" parameterType="hashmap">
  		UPDATE BOARD SET adminreply = #{adminreply} WHERE BOARDNUM = #{boardnum}
  	</update>
  	
  	<update id="deleteReply" parameterType="_int">
  		UPDATE BOARD SET adminreply = NULL WHERE BOARDNUM = #{boardnum}
  	</update>
  	
  	<delete id="deleteBoard" parameterType="_int">
    	DELETE FROM BOARD WHERE BOARDNUM = #{boardnum}
	</delete>

</mapper>